﻿<log4net>
	<appender name="DebuggerAppender" type="log4net.Appender.DebugAppender">
		<layout type="log4net.Layout.PatternLayout">
			<conversionPattern value="%5level [%.10class] - %message%newline" />
			<!--<conversionPattern value="%newline%file (%line): %level: %message%newline"/>-->
		</layout>
		<filter type="log4net.Filter.LevelRangeFilter">
			<levelMin value="DEBUG" />
			<levelMax value="FATAL" />
		</filter>
	</appender>

	<appender name="Console" type="log4net.Appender.ManagedColoredConsoleAppender">
		<mapping>
			<level value="FATAL" />
			<foreColor value="White" />
			<backColor value="DarkRed" />
		</mapping>

		<mapping>
			<level value="ERROR" />
			<foreColor value="Red" />
		</mapping>

		<mapping>
			<level value="INFO" />
			<foreColor value="Green" />
		</mapping>

		<mapping>
			<level value="WARN" />
			<foreColor value="Yellow" />
		</mapping>

		<mapping>
			<level value="DEBUG" />
			<foreColor value="White" />
		</mapping>

		<layout type="log4net.Layout.PatternLayout">
			<!-- Pattern to output the caller's file name and line number -->
			<!--<conversionPattern value="%5level [%thread] (%file:%line) - %message%newline" />-->
			<conversionPattern value="%5level [%logger{1}] - %message%newline" />
		</layout>

		<filter type="log4net.Filter.LoggerMatchFilter">
			<loggerToMatch value="MiNET.Client" />
			<acceptOnMatch value="false" />
		</filter>

		<filter type="log4net.Filter.LoggerMatchFilter">
			<loggerToMatch value="MiNET.Net.RakNet.ServerInfo" />
			<acceptOnMatch value="false" />
		</filter>

		<filter type="log4net.Filter.LoggerMatchFilter">
			<loggerToMatch value="MiNET.LevelDB" />
			<acceptOnMatch value="false" />
		</filter>

		<filter type="log4net.Filter.LevelRangeFilter">
			<levelMin value="TRACE" />
			<levelMax value="FATAL" />
		</filter>

	</appender>

	<appender name="RollingFile" type="log4net.Appender.RollingFileAppender">
		<file value="minetlog.log" />
		<appendToFile value="true" />
		<maximumFileSize value="50000KB" />
		<maxSizeRollBackups value="2" />

		<layout type="log4net.Layout.PatternLayout">
			<conversionPattern value="%date [%thread] %-5level %logger - %message%newline" />
		</layout>

		<filter type="log4net.Filter.LoggerMatchFilter">
			<loggerToMatch value="MiNET.LevelDB" />
			<acceptOnMatch value="false" />
		</filter>

		<filter type="log4net.Filter.LoggerMatchFilter">
			<loggerToMatch value="MiNET.Client.ClientUtils" />
			<acceptOnMatch value="true" />
		</filter>

		<filter type="log4net.Filter.LoggerMatchFilter">
			<loggerToMatch value="MiNET.Client" />
			<acceptOnMatch value="false" />
		</filter>
		<filter type="log4net.Filter.LoggerMatchFilter">
			<loggerToMatch value="MiNET.Net.McpeAvailableCommands" />
			<acceptOnMatch value="false" />
		</filter>

		<!--<filter type="log4net.Filter.LoggerMatchFilter">
			<loggerToMatch value="MiNET.Net.RakNet.ConnectionInfo" />
			<acceptOnMatch value="false" />
		</filter>-->

		<filter type="log4net.Filter.LevelRangeFilter">
			<levelMin value="TRACE" />
			<levelMax value="FATAL" />
		</filter>

	</appender>

	<root>
		<level value="TRACE" />
		<appender-ref ref="Console" />
		<appender-ref ref="RollingFile" />
		<!--<appender-ref ref="DebuggerAppender"/>-->
	</root>
</log4net>